{
  "content_hash": "4f804dce00302f51e3ec0791f04e37c9382d1fafe7241654901fa8bba7cd030e",
  "created_at_utc": "2026-05-14T04:35:34+00:00",
  "payload": {
    "b": -0.2048249989748001,
    "control_count": 6,
    "control_threshold": 0.1,
    "d": 16,
    "deterministic_input_construction_rule": "Each input row is a constant vector alpha\u00b71_d where alpha is chosen so that w\u00b7x + b equals a predefined target logit. Control targets are (-0.3, -0.2, -0.12, 0.12, 0.2, 0.3); margin targets are (-0.0003, -0.00015, -5e-05, 5e-05, 0.00015, 0.0003).",
    "margin_count": 6,
    "margin_threshold": 0.0003,
    "model_sha256": "7127180009e280aa417e02b1dd6dde1385cbc32866840a0e82e4499264f8284c",
    "w": [
      0.25,
      0.25,
      0.25,
      0.25,
      0.25,
      0.25,
      0.25,
      0.25,
      0.25,
      0.25,
      0.25,
      0.25,
      0.25,
      0.25,
      0.25,
      0.25
    ],
    "x_control": [
      [
        -0.023793749511241913,
        -0.023793749511241913,
        -0.023793749511241913,
        -0.023793749511241913,
        -0.023793749511241913,
        -0.023793749511241913,
        -0.023793749511241913,
        -0.023793749511241913,
        -0.023793749511241913,
        -0.023793749511241913,
        -0.023793749511241913,
        -0.023793749511241913,
        -0.023793749511241913,
        -0.023793749511241913,
        -0.023793749511241913,
        -0.023793749511241913
      ],
      [
        0.0012062496971338987,
        0.0012062496971338987,
        0.0012062496971338987,
        0.0012062496971338987,
        0.0012062496971338987,
        0.0012062496971338987,
        0.0012062496971338987,
        0.0012062496971338987,
        0.0012062496971338987,
        0.0012062496971338987,
        0.0012062496971338987,
        0.0012062496971338987,
        0.0012062496971338987,
        0.0012062496971338987,
        0.0012062496971338987,
        0.0012062496971338987
      ],
      [
        0.02120625041425228,
        0.02120625041425228,
        0.02120625041425228,
        0.02120625041425228,
        0.02120625041425228,
        0.02120625041425228,
        0.02120625041425228,
        0.02120625041425228,
        0.02120625041425228,
        0.02120625041425228,
        0.02120625041425228,
        0.02120625041425228,
        0.02120625041425228,
        0.02120625041425228,
        0.02120625041425228,
        0.02120625041425228
      ],
      [
        0.08120624721050262,
        0.08120624721050262,
        0.08120624721050262,
        0.08120624721050262,
        0.08120624721050262,
        0.08120624721050262,
        0.08120624721050262,
        0.08120624721050262,
        0.08120624721050262,
        0.08120624721050262,
        0.08120624721050262,
        0.08120624721050262,
        0.08120624721050262,
        0.08120624721050262,
        0.08120624721050262,
        0.08120624721050262
      ],
      [
        0.10120625048875809,
        0.10120625048875809,
        0.10120625048875809,
        0.10120625048875809,
        0.10120625048875809,
        0.10120625048875809,
        0.10120625048875809,
        0.10120625048875809,
        0.10120625048875809,
        0.10120625048875809,
        0.10120625048875809,
        0.10120625048875809,
        0.10120625048875809,
        0.10120625048875809,
        0.10120625048875809,
        0.10120625048875809
      ],
      [
        0.12620624899864197,
        0.12620624899864197,
        0.12620624899864197,
        0.12620624899864197,
        0.12620624899864197,
        0.12620624899864197,
        0.12620624899864197,
        0.12620624899864197,
        0.12620624899864197,
        0.12620624899864197,
        0.12620624899864197,
        0.12620624899864197,
        0.12620624899864197,
        0.12620624899864197,
        0.12620624899864197,
        0.12620624899864197
      ]
    ],
    "x_control_sha256": "1151c45bb983bcb49e3a25022ed357840df72d1f127bcb4ecd414b71d3ab4603",
    "x_margin": [
      [
        0.051131248474121094,
        0.051131248474121094,
        0.051131248474121094,
        0.051131248474121094,
        0.051131248474121094,
        0.051131248474121094,
        0.051131248474121094,
        0.051131248474121094,
        0.051131248474121094,
        0.051131248474121094,
        0.051131248474121094,
        0.051131248474121094,
        0.051131248474121094,
        0.051131248474121094,
        0.051131248474121094,
        0.051131248474121094
      ],
      [
        0.05116875097155571,
        0.05116875097155571,
        0.05116875097155571,
        0.05116875097155571,
        0.05116875097155571,
        0.05116875097155571,
        0.05116875097155571,
        0.05116875097155571,
        0.05116875097155571,
        0.05116875097155571,
        0.05116875097155571,
        0.05116875097155571,
        0.05116875097155571,
        0.05116875097155571,
        0.05116875097155571,
        0.05116875097155571
      ],
      [
        0.05119375139474869,
        0.05119375139474869,
        0.05119375139474869,
        0.05119375139474869,
        0.05119375139474869,
        0.05119375139474869,
        0.05119375139474869,
        0.05119375139474869,
        0.05119375139474869,
        0.05119375139474869,
        0.05119375139474869,
        0.05119375139474869,
        0.05119375139474869,
        0.05119375139474869,
        0.05119375139474869,
        0.05119375139474869
      ],
      [
        0.05121874809265137,
        0.05121874809265137,
        0.05121874809265137,
        0.05121874809265137,
        0.05121874809265137,
        0.05121874809265137,
        0.05121874809265137,
        0.05121874809265137,
        0.05121874809265137,
        0.05121874809265137,
        0.05121874809265137,
        0.05121874809265137,
        0.05121874809265137,
        0.05121874809265137,
        0.05121874809265137,
        0.05121874809265137
      ],
      [
        0.051243748515844345,
        0.051243748515844345,
        0.051243748515844345,
        0.051243748515844345,
        0.051243748515844345,
        0.051243748515844345,
        0.051243748515844345,
        0.051243748515844345,
        0.051243748515844345,
        0.051243748515844345,
        0.051243748515844345,
        0.051243748515844345,
        0.051243748515844345,
        0.051243748515844345,
        0.051243748515844345,
        0.051243748515844345
      ],
      [
        0.05128125101327896,
        0.05128125101327896,
        0.05128125101327896,
        0.05128125101327896,
        0.05128125101327896,
        0.05128125101327896,
        0.05128125101327896,
        0.05128125101327896,
        0.05128125101327896,
        0.05128125101327896,
        0.05128125101327896,
        0.05128125101327896,
        0.05128125101327896,
        0.05128125101327896,
        0.05128125101327896,
        0.05128125101327896
      ]
    ],
    "x_margin_sha256": "65df168800a3e84b6a33792c0973f3c00f0b01adb75e6b26a465252e1cbe7da5"
  },
  "witness_id": "W_input"
}
